{
	"type": "origins:multiple",
	"cooldown": {
		"type": "origins:cooldown",
		"cooldown": 60,
		"hud_render": {
			"should_render": false,
			"bar_index": 3
		}
	},
	"trigger": {
		"type": "origins:active_self",
		"entity_action": {
			"type": "origins:if_else",
			"if_action": {
				"type": "origins:change_resource",
				"resource": "*:*_cooldown",
				"change": 60
			},
			"condition": {
				"type": "origins:resource",
				"resource": "*:*_cooldown",
				"comparison": ">",
				"compare_to": 0
			},
			"else_action": {
				"type": "origins:trigger_cooldown",
				"power": "*:*_cooldown"
			}
		},
		"cooldown": 30,
		"key": {
			"key": "key.origins.primary_active"
		}
	},
	"immune": {
		"type": "origins:invulnerability",
		"damage_condition": {
			"type": "origins:name",
			"name": "inWall"
		},
		"condition": {
			"type": "origins:resource",
			"resource": "*:*_cooldown",
			"comparison": ">",
			"compare_to": 0
		}
	},
	"hidden": true
}